{
  "h=0.05|vw=0.3|beta=10|n=2005|mode=broken_powerlaw_ftilde": {
    "kcut_ratio": 0.22446464349964143,
    "t_onset": 29.77113370618875,
    "tp": 29.77113370618875,
    "var": 0.6728583358351446
  },
  "h=0.05|vw=0.3|beta=12|n=2005|mode=broken_powerlaw_ftilde": {
    "kcut_ratio": 0.23255345948160563,
    "t_onset": 27.73611632468559,
    "tp": 27.73611632468559,
    "var": 0.7021210051607324
  },
  "h=0.05|vw=0.3|beta=16|n=2005|mode=broken_powerlaw_ftilde": {
    "kcut_ratio": 0.2466251656285728,
    "t_onset": 24.661329123257484,
    "tp": 24.661329123257484,
    "var": 0.7472113163535476
  },
  "h=0.05|vw=0.3|beta=20|n=2005|mode=broken_powerlaw_ftilde": {
    "kcut_ratio": 0.257276750855049,
    "t_onset": 22.661579373365797,
    "tp": 22.661579373365797,
    "var": 0.7758600687772236
  },
  "h=0.05|vw=0.3|beta=25|n=2005|mode=broken_powerlaw_ftilde": {
    "kcut_ratio": 0.2688899375255813,
    "t_onset": 20.746371889323132,
    "tp": 20.746371889323132,
    "var": 0.7953176340243266
  },
  "h=0.05|vw=0.3|beta=32|n=2005|mode=broken_powerlaw_ftilde": {
    "kcut_ratio": 0.28058080437451116,
    "t_onset": 19.053525571966322,
    "tp": 19.053525571966322,
    "var": 0.8029665141297617
  },
  "h=0.05|vw=0.3|beta=40|n=2005|mode=broken_powerlaw_ftilde": {
    "kcut_ratio": 0.2911289549148984,
    "t_onset": 17.697847817818243,
    "tp": 17.697847817818243,
    "var": 0.797555664618368
  },
  "h=0.05|vw=0.3|beta=4|n=2005|mode=broken_powerlaw_ftilde": {
    "kcut_ratio": 0.18796189807617375,
    "t_onset": 42.457225959440045,
    "tp": 42.457225959440045,
    "var": 0.5902922352819739
  },
  "h=0.05|vw=0.3|beta=5|n=2005|mode=broken_powerlaw_ftilde": {
    "kcut_ratio": 0.1955563182004598,
    "t_onset": 39.2236093532367,
    "tp": 39.2236093532367,
    "var": 0.5959016044888329
  },
  "h=0.05|vw=0.3|beta=6|n=2005|mode=broken_powerlaw_ftilde": {
    "kcut_ratio": 0.20272330368424252,
    "t_onset": 36.499247342502834,
    "tp": 36.499247342502834,
    "var": 0.608200876648308
  },
  "h=0.05|vw=0.3|beta=8|n=2005|mode=broken_powerlaw_ftilde": {
    "kcut_ratio": 0.2145160720425991,
    "t_onset": 32.59654623586663,
    "tp": 32.59654623586663,
    "var": 0.6401171340943002
  },
  "h=0.05|vw=0.5|beta=10|n=2005|mode=broken_powerlaw_ftilde": {
    "kcut_ratio": 0.2368204954353939,
    "t_onset": 26.745621138998203,
    "tp": 26.745621138998203,
    "var": 0.69503317422899
  },
  "h=0.05|vw=0.5|beta=12|n=2005|mode=broken_powerlaw_ftilde": {
    "kcut_ratio": 0.24429117352483384,
    "t_onset": 25.134815837021698,
    "tp": 25.134815837021698,
    "var": 0.71818707001011
  },
  "h=0.05|vw=0.5|beta=16|n=2005|mode=broken_powerlaw_ftilde": {
    "kcut_ratio": 0.2564248410840063,
    "t_onset": 22.812404776640932,
    "tp": 22.812404776640932,
    "var": 0.758116325787596
  },
  "h=0.05|vw=0.5|beta=20|n=2005|mode=broken_powerlaw_ftilde": {
    "kcut_ratio": 0.2670355241633372,
    "t_onset": 21.035516443528874,
    "tp": 21.035516443528874,
    "var": 0.7843320370069872
  },
  "h=0.05|vw=0.5|beta=25|n=2005|mode=broken_powerlaw_ftilde": {
    "kcut_ratio": 0.2765725071691639,
    "t_onset": 19.609803676251424,
    "tp": 19.609803676251424,
    "var": 0.8000055610789394
  },
  "h=0.05|vw=0.5|beta=32|n=2005|mode=broken_powerlaw_ftilde": {
    "kcut_ratio": 0.28788216359614727,
    "t_onset": 18.099298518077962,
    "tp": 18.099298518077962,
    "var": 0.8024576529202401
  },
  "h=0.05|vw=0.5|beta=40|n=2005|mode=broken_powerlaw_ftilde": {
    "kcut_ratio": 0.2978473154129293,
    "t_onset": 16.908453169830892,
    "tp": 16.908453169830892,
    "var": 0.7915981147381653
  },
  "h=0.05|vw=0.5|beta=4|n=2005|mode=broken_powerlaw_ftilde": {
    "kcut_ratio": 0.20541194166413818,
    "t_onset": 35.55002278955249,
    "tp": 35.55002278955249,
    "var": 0.6889324096035885
  },
  "h=0.05|vw=0.5|beta=5|n=2005|mode=broken_powerlaw_ftilde": {
    "kcut_ratio": 0.21158552461032476,
    "t_onset": 33.505750781314475,
    "tp": 33.505750781314475,
    "var": 0.6716533216911942
  },
  "h=0.05|vw=0.5|beta=6|n=2005|mode=broken_powerlaw_ftilde": {
    "kcut_ratio": 0.21752893822297098,
    "t_onset": 31.699847942763313,
    "tp": 31.699847942763313,
    "var": 0.6659682495964313
  },
  "h=0.05|vw=0.5|beta=8|n=2005|mode=broken_powerlaw_ftilde": {
    "kcut_ratio": 0.22776559413934008,
    "t_onset": 28.914455420587934,
    "tp": 28.914455420587934,
    "var": 0.6744877283129415
  },
  "h=0.05|vw=0.8|beta=12|n=2005|mode=broken_powerlaw_ftilde": {
    "kcut_ratio": 0.2564248410840063,
    "t_onset": 22.812404776640932,
    "tp": 22.812404776640932,
    "var": 1.0927073106583483
  },
  "h=0.05|vw=0.8|beta=20|n=2005|mode=broken_powerlaw_ftilde": {
    "kcut_ratio": 0.2765725071691639,
    "t_onset": 19.609803676251424,
    "tp": 19.609803676251424,
    "var": 0.9316614989434165
  },
  "h=0.05|vw=0.8|beta=40|n=2005|mode=broken_powerlaw_ftilde": {
    "kcut_ratio": 0.30368745885239395,
    "t_onset": 16.264381174087088,
    "tp": 16.264381174087088,
    "var": 0.7559353969228945
  },
  "h=0.05|vw=0.8|beta=4|n=2005|mode=broken_powerlaw_ftilde": {
    "kcut_ratio": 0.22511715699818652,
    "t_onset": 29.598797548881027,
    "tp": 29.598797548881027,
    "var": 1.353255777602546
  },
  "h=0.05|vw=0.9|beta=40|n=2005|mode=broken_powerlaw_ftilde": {
    "kcut_ratio": 0.30608815022671926,
    "t_onset": 16.010254126446032,
    "tp": 16.010254126446032,
    "var": 0.6695074417830098
  },
  "h=0.05|vw=0.9|beta=4|n=2005|mode=broken_powerlaw_ftilde": {
    "kcut_ratio": 0.23116508061902968,
    "t_onset": 28.070283387331642,
    "tp": 28.070283387331642,
    "var": 0.7275712964535652
  }
}